product_group,product_class,item_code,product_name,vendor_name,mrp,barcode
Shine,Wall tap,70788,BIB COCK S1-STAR (Cream),RPL,90,70788
Prominent,Food Cont-Prominent,86820,Container Box with Lid 11 cm -Trans Pink,DPL,49,86820
Regal,METAL BED(BDH),812091,METAL BED-BDH-202-2-1-66(3PART),BBML(F),"11,570",812091
Prestige,Short Stool-Prestige,86043,Stool Short - Sandal Wood,DPL,150,86043
Best Buy,General Household L,903919,Customized Dolna,BBUY,"27,200",903919
Best Buy,General Household L,903920,Customized Bed (Wood),BBUY,"28,400",903920
Goodluck,FILE,920433,Good Luck Zipper File - FC,DPLS,30,842251152998
Goodluck,KIDS ITEM,920434,Good Luck Pencil Box - Large-Trans,DPLS,50,842251153001
Power,Clearance Sales-2,920939,"3.5"" Fancy Glass - Beauty",MLMN,80,845944073624
Best Buy,Life Style (Yiwu),903741,UMBRELLA-YR2201-IMP,BBUY,200,903741
Best Buy,Life Style (Yiwu),903742,UMBRELLA-YR3201-IMP,BBUY,425,903742
Best Buy,Life Style (Yiwu),903743,UMBRELLA-YR3202-IMP,BBUY,425,903743
Winner,Kitchen ware,920451,Smart Bottle Cleaner-WN,DPLS,20,845944069733
Power,Color - Melamine,920910,"8"" Vegetable Bowl-Bubble",MLMN,100,845944070081
Promising,Cabinet-Promising,89900,Multipurpose Cabinet - Green,DPL,"3,700",845944010902
Pride,PS Jug-Pride,95383,Atlanta Jug 1.5 L - Trans,DPL,200,845944092397
Pioneer,Non Moving-Pioneer,86696,Slim Chair (Ribbon Flower) - Tulip Green,DPL,500,842251120089
Power,Color - Melamine,920912,"Vegetable Bowl 7"" - Classic",MLMN,70,845944070104
Goodluck,Baby Items,920387,Pogo Water Bottle-550 ML (Goodluck),DPLS,100,920387
Goodluck,Baby Items,920392,Simon Water Bottle-400 ML (Goodluck),DPLS,90,845944070092
Goodluck,Baby Items,920393,Dora Tiffin Box -Good Luck,DPLS,85,920393
Vision-RAC,PG VSN Refrigeration,802829,PG Vision Glass Door Refrigerator Vis - 190TG(RED),DPLE,"28,200",802829
Vision-Style,VS Microwave Oven,94843,Vision Microwave Oven - 20 Ltr (S5),PIP(E),"7,450",94843
Winner,Winner -Pressure Coo,81116,Winner Pressure Cooker 5L,DPLS,"1,755",842251119823
Power,Clearance Sales-2,92300,Melamine - Lunch Plate with Lid,MLMN,400,845944067920
Regal,LB READING TABLE,812166,Reading Table For Kids(N),BBML(F),"9,100",812166
Regal,WOODEN KIDS ITEM,812167,Reading Chair For Kids(N),BBML(F),"5,000",812167
Topper,Bright Eco. Kolosh,805175,Economy Bright Kolosh - 20 (BS),RFL,330,8051750000002
Topper,Bright Eco. Kolosh,805176,Economy Bright Kolosh - 21 (BS),RFL,410,8051760000009
Power,Clearance Sales-2,92286,"6"" Curry Bowl -Lilac",MLMN,115,845944067517
Goodluck,Export-Stationery,920340,Refill Pen Forever-Black 25 - Pcs Jar,DPLS,125,920340
Goodluck,Export-Stationery,920341,Classy Gel Pen - 25 Pcs Jar,DPLS,275,920341
Best Buy,Toys and sports (Local,903772,TENNIS BALL-IMP,BBUY,20,903772
Sonic,BLZ MULTI PLUG & ADAPTER,706309,Multi extension cord with USB (BLZ-706309),RPLE,855,706309
Best Buy,Life Style (Yiwu),903746,UMBRELLA-YR3302-IMP,BBUY,425,903746
Best Buy,General Household I,903747,PLATE-EQ1101-3-IMP,BBUY,155,903747
Best Buy,Glassware (Local),903748,GLASS TUMBLER -ES1137-IMP,BBUY,80,903748
Best Buy,General Household I,903749,ROUND DUSTBIN BIG-IMP,BBUY,175,903749
Sigma,Comfy Mattress,820071,"Comfy Emporio Mattress  78""X71""X4""",BBMLT,650,820071
Duranta,RMIL Tools and Acc (Du,75468,Duranta-Combination Wrench 19MM,BCYCL,154,75468
Duranta,RMIL Tools and Acc (Du,75469,Duranta-Combination Wrench 20MM,BCYCL,174,75469
Duranta,RMIL Tools and Acc (Du,75470,Duranta-Combination Wrench 21MM,BCYCL,188,75470
Duranta,RMIL Tools and Acc (Du,75471,Duranta-BALL PIN HAMMER .5 LBS,BCYCL,158,75471
Duranta,RMIL Tools and Acc (Du,75472,Duranta-BALL PIN HAMMER 0.75 LBS,BCYCL,169,75472
Duranta,RMIL Tools and Acc (Du,75473,Duranta-BALL PIN HAMMER 1 LBS,BCYCL,182,75473
Duranta,RMIL Tools and Acc (Du,75474,Duranta-BALL PIN HAMMER 1.5 LBS,BCYCL,250,75474
Duranta,RMIL Tools and Acc (Du,75475,Duranta-BALL PIN HAMMER 2 LBS,BCYCL,296,75475
Pride,Trading-Pride,79644,Friction Motorcycle-1268B-4 (Trading),DPL,145,79644
Pride,Trading Toys-Pride,79645,Friction Power Motorcycl-Mt2 (Trading),DPL,145,842251175041
Pride,Trading Toys-Pride,79646,Friction Power Car-Zy-22 (Trading),DPL,90,79646
Pride,Trading-Pride,79647,Friction Power Car-Zy-23 (Trading),DPL,100,79647
Pride,Trading-Pride,79648,Friction Power Plane-1488-08 (Trading),DPL,115,79648
Best Buy,Lifestyle,903805,MIRROR BPO-1275-IM,BBUY,480,903805
Power,Clearance Sales-2,920710,"3.5"" Double Color Oval Mug -Red White",MLMN,125,845944065582
Popular,Rack With Facing(Crown)-Popular,95609,Crown Rack 4 Step Two Color - Violet,DPL,670,95609
Vision-Style,PG VS Microwave Oven,802865,PG Vision Microwave Oven - 20 Ltr (H5),PIP(E),"7,400",802865
Power,Clearance Sales-2,920788,"6"" Bowl -Lily",MLMN,80,845944068460
Premium,Printed Jug-Premium,95384,Tulip Jug 3L - Pearl Pink & Pearl Pink,DPL,130,95384
Winner,Casserole- Plastic,78468,Elegant Omega Lunch Box Plastico- 5500 ML,DPLS,780,845944068903
Power,Clearance Sales-2,92368,"9.5"" Spoon (WO Hole) -Lilac",MLMN,40,845944067784
Goodluck,Tufting Product,920450,Kleen SS Scourer -12 pcs,DPLS,30,920450
Best Buy,Lifestyle,903804,MIRROR HPO-0900A-IM,BBUY,345,903804
Pride,Trading-Pride,79666,Pull String Cartoon Car-996-1 (Trading),DPL,80,79666
Power,Melamine -Advance,92288,"8"" Rice Plate -Classic",MLMN,90,845944067623
Winner,Other Cleaning Utili,920452,Easy Floor Wiper,DPLS,180,845944069740
Power,Bowl,920804,"6"" Soup Bowl -Camellia",MLMN,130,845944068620
Power,Spoon,920883,Big Soup Spoon-Camellia,MLMN,30,845944069498
Best Buy,Recharge,903592,Mobile Card Tk-20/=,BBUY,20,903592
Best Buy,General Household L,903591,Hanger SS 10 pcs set,BBUY,215,903591
Best Buy,Kitchenware (Local),903590,Garlic  pressure normal,BBUY,120,903590
Talon,Kitchen Sink,808588,RFL Sink Accessories (Eco),RMIL,124,808588
Talon,Kitchen Sink,801038,"RFL Kitchen Sink - Valentine (45""x20"")",RMIL,"6,950",801038
Titan,RADIANT COOKER,75388,RADIANT COOKER,RMIL,"2,950",75388
Turbine,B. Fittings Elegant,80103,Square Basin Mixer,RFL,"2,625",8010300000008
Turbine,B. Fittings Elegant,80102,Bathtub Mixer - Elegant,RFL,"2,840",80102
Topper,TPR Pressure Cooker,80984,TPR Pressure Cooker 7L,RFL,"1,940",8098400000005
Topper,TPR Pressure Cooker,80983,TPR Pressure Cooker 6L,RFL,"1,855",8098300000006
Best Buy,Water Purifier-,902225,Electro Water Filter-29b,BBUY,"1,250",902225
Best Buy,General Household L,902226,Electro Water Filter-37b,BBUY,"1,600",902226
Best Buy,Water Purifier-,902227,Evapure Water Dispenser-Mini,BBUY,"4,500",902227
Best Buy,Water Purifier-,902228,Evapure Water Filter-15g,BBUY,980,902228
Best Buy,Water Purifier-,902229,Evapure Water Filter-26h,BBUY,"1,600",902229
Best Buy,Toiletries,902230,Fann Dish Wash Pouch Pack-250 Ml,BBUY,35,902230
Best Buy,Toiletries,902231,Fann Floor Cleaner-500ml,BBUY,90,902231
Best Buy,General Household L,902232,Fann Floor Dish Wash -500ml,BBUY,75,902232
Best Buy,Toiletries,902233,Fann Glass Cleaner With Spary-400ml,BBUY,75,902233
Best Buy,Toiletries,902234,Fann Hand Wash High Foam Pouch Pack -180ml,BBUY,45,902234
Best Buy,Toiletries,902235,Fann Hand Wash Pump-250ml,BBUY,85,902235
Best Buy,Toiletries,902236,Fann Toilet Cleaner-500ml,BBUY,70,902236
Best Buy,Toiletries,902237,Fannsol Power Round-500ml,BBUY,70,902237
Best Buy,Party and Gift (Local),902238,Happy BirthdayBalloon- Thailand,BBUY,60,902238
Best Buy,Party and Gift (Local),902239,Happy Birthday Banner-Big,BBUY,20,902239
Best Buy,Party and Gift (Local),902240,Happy Birthday Banner-Small,BBUY,120,902240
Best Buy,Mobile Recharg,902241,MILANO NUMBERS-IMP,BBUY,45,902241
Best Buy,Party and Gift (Local),902242,Ribbon Set Big,BBUY,45,902242
Best Buy,Mobile Recharg,903644,BEAUTY DOLL SET-IMP,BBUY,75,903644
Best Buy,Mobile Recharg,903645,BIRTHDAY DOLL SET-IMP,BBUY,775,903645
Pacific,Trading-Pacific,79634,Bonani Mug(Trading),DPL,145,79634
Power,Clearance Sales-2,920921,Cereal Bowl With Lid-Dahlia,MLMN,120,845944074027
Power,Color - Melamine,920922,Smart Bowl With Lid-Dahlia,MLMN,130,920922
Goodluck,REFILLABLE - PEN,920295,Refill Pen Max Write  - Black-10 Pcs Pack,DPLS,8,920295
Goodluck,Stationery Pen,920296,DF Pen-Super point -12 Pcs Pouch,DPLS,5,842251167206
Topper,TPR NS Glamour and IB,805012,TPR NS Glamour Karai with Lid (Red) - 24 cm,RFL,"1,265",8050120000000
Topper,TPR NS Glamour and IB,805011,TPR NS Glamour Karai with Lid (Red) - 22 cm,RFL,"1,120",8050110000003
Topper,TPR NS Glamour and IB,805010,TPR NS Glamour Fry Pan with Lid (Red) - 26 cm,RFL,"1,230",8050100000013
Topper,TPR NS Glamour and IB,805009,TPR NS Glamour Fry Pan with Lid (Red) - 24 cm,RFL,"1,095",8050090000000
Topper,TPR NS Glamour and IB,805008,TPR NS Glamour Fry Pan with Lid (Red) - 22 cm,RFL,"1,025",8050080000003
Topper,TPR NS Glamour and IB,805007,TPR NS Glamour Fry Pan (Red) - 26 cm,RFL,"1,025",8050070000006
Topper,TPR NS Glamour and IB,805006,TPR NS Glamour Fry Pan (Red) - 24 cm,RFL,965,8050060000009
Best Buy,Ceramics (Local),901168,MUG-7797-12789GJ-SI04-C(416C)-IMP,BBUY,165,901168
Turbine,Gas Stove-Imported,805204,Premier Single Auto GS NG (A-104),RFL,"1,345",8052040000009
Vision-RAC,PG VSN Refrigeration,802934,PG Vision refrigerator Vis - 96 Ltr White,DPLE,"13,900",802934
Topper,TPR NS Regular,805124,TPR NS Fry Pan - 26 cm - Eco,RFL,730,8051240000000
Pioneer,Others Chair-Pioneer,89980,Classic Waiting Chair (4 Seat),DPL,"6,050",89980
Sulov,Sprayer Machine,707696,Sulov Hand Sprayer(16Ltr),RPL,"1,495",707696
Duranta,Complete Cycle-26',804385,Duranta Steel 1-Spd Racer Masti 26 Green,BCYCL,"9,095",804385
Diganta,RFL-Tyre and Tube for IC,804391,Duranta Cycle Tyre-26InX2.00 (D-2619)-IC,TYRE,255,804391
RAINBOW,WB-Acroplast APE RB,803883,APE Plastic Paint- White 0.91 Litre,RAINBOW,340,803883
Pride,Trading-Pride,79690,Writing Board-Yt-001 (Trading),DPL,105,79690
Pride,Trading-Pride,79691,Shot Gun-338-8 (Trading),DPL,110,79691
Pride,Trading-Pride,79693,Water Toygun-S112-2 (Trading),DPL,50,79693
Decora,Special-Decora,821118,"Eco Door Pink Lavender 6""x2.5"" R-TB",BBML,"2,200",821118
Decora,Special-Decora,821119,Eco Hydra 7x2.5 L-TB,BBML,"3,370",821119
Decora,Special-Decora,821120,Eco Hydra 7x2.5 R-TB,BBML,"3,370",821120
Decora,Special-Decora,821121,"Popular Door Pink Galaxy 6""x2.5"" L-TB",BBML,"2,650",821121
Decent,Decent -Rickshaw and Van,804393,Van Wheel,BCYCL,"1,685",804393
Popular,Storage Cont-Popular,91024,"Deluxe Storage Container 4 Pcs Set (5,7,10&15L)-TR",DPL,625,845944092847
Duranta,Complete Cycle-26',804383,Duranta Steel 1-Spd Durjoy 1-Bar 26 RB,BCYCL,"9,350",804383
Duranta,Complete Cycle-26',804384,Duranta Steel 1-Spd Durjoy 2-Bar 26 RB,BCYCL,"10,100",804384
TEL Furniture,Elegant Chair-Fur-TEL,803282,Comfort Chair with Arm Sandal Wood-TEL,TEL,520,803282
Power,Cup,920828,Small Tea Cup With Saucer -Camellia,MLMN,110,845944068866
Topper,TPR NS Regular,805122,TPR NS Fry Pan - 22 cm - Eco,RFL,590,8051220000006
Winner,Casserole- Plastic,78467,Elegant Omega Lunch Box Plastico- 3600 ML,DPLS,650,845944068897
Regal,METAL DINNING SET,812156,ANGEL-TDH-208-4-1-66,BBML(F),"15,130",812156
Power,Clearance Sales-2,920501,"9"" Soup Plate -Tiger Melamine",MLMN,48,920501
Power,Melamine -Topper,920768,"10"" Coup Plate -Dahlia-Topper",MLMN,130,845944068262
Prado,Service Bowl-Prado,82478,Sophia Curve Bowl  Small-Assorted,DPL,55,845944091765
Pride,Rack With Facing-Pride,95645,Nova Rack 4 Step Two Color,DPL,825,849544048837
Premium,MP Basket-Premium,910971,Multi Purpose Basket 31CM - Assorted,DPL,70,845944093752
Premium,MP Basket-Premium,911774,Multi Purpose Basket 27.7 CM - Assorted,DPL,60,845944093721
Goodluck,Gel Ink Pen,97919,Gel Pen Classy - Blue (5 pcs Pouch),DPLS,50,97919
Goodluck,Baby Items,920394,Rectangular Tiffin Box - Good Luck,DPLS,150,8459440 69955
Best Buy,General Household I,903719,CLIP 12PCS-HX0010577-IMP,BBUY,75,903719
Vision-RAC,VSN Air Conditioner,94837,VISION AC 1 Ton-AOC (3D Air),DPLE,"43,900",94837
Vision-RAC,VSN Air Conditioner,94838,VISION AC 1.5 Ton-BOC (3D Air),DPLE,"58,900",94838
Vision-RAC,VSN Air Conditioner,94839,VISION AC 2 Ton-COC (3D Air),DPLE,"72,900",94839
Goodluck,Good Luck Pad and Kh,920401,Spiral Pad  - 84 Page,DPLS,60,845944072672
Regal,LB KITCHEN CABINET,811677,PVC Kitchen Cabinet-King size (Regal),BBML(F),"8,900",811677
Turbine,Gas Stove-Imported,805205,Premier Single Auto GS LPG (A-104),RFL,"1,345",8052050000006
Vision-RAC,PG VSN Refrigeration,802917,PG Vision refrigerator Vis - 228 Ltr Red Sparkle,DPLE,"27,800",802917
Vision-Style,PG VS Electric Iron,802837,PG E. Iron-Model No. VIS-2038A(BLUE),PIP(E),"1,450",802837
Vision-Style,PG VS Room Heater,802871,PG Vision Room Comforter - Easy,PIP(E),"1,500",802871
Vision-RAC,PG VSN Refrigeration,802919,PG Vision Refrigerator Vis - 260 Red,DPLE,"29,600",802919
Vision-RAC,PG VSN Refrigeration,802927,PG Vision Refrigerator (Vis - 180) White,DPLE,"25,600",802927
Vision-RAC,PG VSN Refrigeration,802935,PG Vision Refrigerator (Vis - 240) Red,DPLE,"27,800",802935
Vision-RAC,PG VSN Refrigeration,802936,PG Vision Refrigerator (Vis - 240) Blue,DPLE,"27,800",802936
Vision-RAC,PG VSN Refrigeration,802938,PG Vision Refrigerator (Vis - 200) Blue,DPLE,"26,100",802938
Vision-RAC,PG VSN Refrigeration,802939,PG Vision Refrigerator (Vis - 200) Red2,DPLE,"26,100",802939
Vision-RAC,PG VSN Refrigeration,802942,PG Vision Refrigerator (Vis - 240) Red2,DPLE,"27,800",802942
Vision-RAC,PG VSN Refrigeration,802943,PG Vision Refrigerator (Vis - 180) Red2,DPLE,"25,600",802943
Pioneer,Trading-Pioneer,79635,Bonolota Mug(Trading),DPL,170,79635
Pioneer,Trading-Pioneer,79636,Bornali Mug(Trading),DPL,145,79636
Power,Clearance Sales-2,920801,"7"" Soup Bowl -Camellia",MLMN,160,845944068590
Shine,Faucet and Hand Shower,98484,Deluxe Hand Shower-White,RPL,471,98484
Shine,Plastic Pan-,98767,SaTo Pan Collection Box (Black),RPL,205,98767
Shine,Basin and Sink Tap,98479,SINK COCK(W)-STAR,RPL,215,98479
Shine,Other Accessoires,98461,uPVC Drainage Net 3''-Black,RPL,8,98461
Shine,Other Accessoires,84497,PVC Clamp 110MM,RPL,26,84497
Shine,Other Accessoires,85979,Deluxe Drainage Net,RPL,104,85979
Shine,Other Accessoires,85964,"uPVC Drainage Net 5""",RPL,20,85964
Shine,Other Accessoires,85926,"uPVC Drainage Net 4""",RPL,20,85926
Shine,Other Accessoires,85958,uPVC Plain Tee (40mm)-S,RPL,32,85958
Prado,Plate-Pulsar,79978,Sophia Plate - Small,DPL,45,845944092038
Prado,Service Bowl-Prado,95638,Cherry Bowl 300 ML-Assorted,DPL,40,845944091871
Pride,PET Jar-Pride,76873,Vegi Spice Jar,DPL,40,845944091185
Vision-RAC,PG VSN Refrigeration,802918,PG Vision E. Saving Refrigerator Vis - 246 Red,DPLE,"29,600",802918
Power,Clearance Sales-2,920785,"10"" Soup Plate -Lily",MLMN,115,845944068439
Power,Clearance Sales-2,920794,"4.75"" Finny Bowl -Lily",MLMN,50,845944068521
Power,Bowl,94591,Flower Soup Bowl with LID-Camellia,MLMN,330,845944064479
Best Buy,Glassware (Import),893582,GLASS TUMBLER 15CM-Y3002-IMP,BBUY,150,893582
Vision-Style,VS Blender,823401,Vision Blender Compact 1.5L,PIP(E),"1,850",823401
Pacific,Wall Clock-Pacific,82360,Kito Wall Clock-Brown,DPL,450,845944096111
Best Buy,General Household L,903720,Toilet Cleaner,BBUY,0,903720
Popular,Clip-Popular,91297,Fixer Clip 24 Pcs Set Small-Assorted,DPL,110,845944049667
Power,Bowl,92284,"7"" Curry Bowl -Oliva",MLMN,180,845944067555
Goodluck,FILE,94532,Good Luck My Bag 2 Pocket  - FC,DPLS,25,845944072528
Vision-Style,PG VS Electric Iron,802847,PG E. Iron-Model No. VIS-YPF-6138 (Blue),PIP(E),"1,400",802847
Decora,Special-Decora,821138,"Premium Door Eye Ball 7""x2.5"" R-TB",BBML,"4,250",821138
Cosmo,Special-Cosmo,821139,MDF One side Red Oak 12mm (8'x4'),BBML,"2,390",821139
Goodluck,Stationary Tape,94527,"Good Luck 2.0"" Gum Tape Roll 50 Yds",BPIL,52,94527
Pioneer,Wardrobe-Pioneer,76924,RFL Wardrobe Single 4D Deluxe - Kamelia-R,DPL,"5,300",76924
Premium,MP Basket-Premium,911775,Fancy Basket 24 CM - Assorted,DPL,50,845944093783
Prado,Rack With Fance-Prado,95613,Prestige Kitchen Rack 3 Step,DPL,"1,100",845944095190
Deluxe,Special Sheet and Ceiling,821115,Edging (0.5mm x 19mmx 200m)-Gray,BBML,910,821115
Pride,Trading Toys-Pride,79689,Free Wheel Cartoon Car-Rs2004 (Trading),DPL,120,79689
Goodluck,ERASER,78477,Good Luck Eraser - Star,DPLS,240,78477
Best Buy,Kitchenware (Local),903577,Saucepan With Handle Medium Heavy Max,BBUY,520,903577
Regal,METAL COMFY FOAM,811634,"POLY FOAM 72""X36""X2""",BBML(F),"1,360",811634
Regal,METAL COMFY FOAM,811317,"SEMI RUBBER FOAM 72""X48""X1/2""",BBML(F),540,811317
Regal,METAL COMFY FOAM,811318,"SEMI RUBBER FOAM 72""X48""X1""",BBML(F),"1,100",811318
Regal,METAL COMFY FOAM,811319,"SEMI RUBBER FOAM 72""X48""X1.5""",BBML(F),"1,680",811319
Regal,METAL COMFY FOAM,811320,"SEMI RUBBER FOAM 72""X48""X2""",BBML(F),"2,210",811320
Regal,METAL COMFY FOAM,811321,"SEMI RUBBER FOAM 72""X48""X4""",BBML(F),"4,425",811321
Pacific,Food Cont-Pacfic,76839,Choco Box 400 ML,DPL,45,845944091086
Regal,LB OTHER,812040,Proop Plants - 2,BBML(F),215,812040
Regal,LB OTHER,812039,Proop Plants - 1,BBML(F),215,812039
Goodluck,Tufting Product,920456,Kleen Classic-Wastage Bin ( Good Luck ),DPLS,75,845944069767
Power,Clearance Sales-2,920791,"10"" Bowl -Lily",MLMN,185,845944068491
Power,Bowl,920816,"7"" Curry Bowl -Camellia",MLMN,180,845944068743
Goodluck,Tufting Product,920457,Kleen Fancy-Wastage Bin ( Good Luck ),DPLS,85,920457
Shine,Basin and Sink Tap,98442,Sink Cock (W) Thread Moving (45),RPL,268,98442
Shine,Towel hanger,70782,Deluxe Towel Hanger(L.Blue),RPL,180,70782
Shine,Towel hanger,70780,Deluxe Towel Hanger(Cream),RPL,219,70780
Shine,Towel hanger,70781,Deluxe Towel Hanger(Pink),RPL,219,70781
Swift,CLK DB BOX,807605,CAR CHARGER -CLK-807605,RPLE,620,807605
Shine,Other Accessoires,98463,uPVC Drainage Nat 5''-Black,RPL,15,98463
Shine,Other Accessoires,85929,Royal Drainage Net(with-out Lid),RPL,188,85929
Vision-Style,PG VS Microwave Oven,802867,PG Vision Microwave Oven - 25 Ltr (F5),PIP(E),"10,800",802867
Vision-Style,PG VS Electric Iron,802841,PG E. Iron-Model No. VIS-898A(ORANGE),PIP(E),800,802841
Vision-Style,PG VS Electric Iron,802840,PG E. Iron-Model No. VIS-898A(BLUE),PIP(E),800,802840
Vision-Style,PG VS Electric Iron,802839,PG E. Iron-Model No. VIS-2038A(VIOLET),PIP(E),"1,450",802839
Vision-Style,PG VS Electric Iron,802838,PG E. Iron-Model No. VIS-2038A(PINK),PIP(E),"1,450",802838
Best Buy,Stationary,903731,SHOPPING BAG(NET)-SIZE-18X19IN,BBUY,0,903731
Best Buy,Stationary,903732,SHOPPING BAG(NET)-SIZE-15X15IN,BBUY,0,903732
Best Buy,General Household L,903733,Air Freshener,BBUY,0,903733
Regal,METAL IND-RACK,811804,GI Shelf of Heavy Duty Rack,BBML(F),"7,730",811804
Power,Set,92275,Regent Soup Set - Glory,MLMN,540,845944065254
Power,Clearance Sales-2,920748,Fancy Tray-School Bus,MLMN,140,845944066749
Power,Clearance Sales-2,920749,Fancy Tray-Classic Bus,MLMN,140,845944066756
Power,Clearance Sales-2,920750,Fancy Tray- Dinosaur,MLMN,140,845944066763
Best Buy,Home Decore (Yiwu),893593,FLOOR MAT 40x60CM-35317-7-IMP,BBUY,550,893593
Duranta,"Complete Cycle 20""",804428,Duranta Steel 1-Spd Ryan 20 Red,BCYCL,"7,940",804428
Duranta,"Complete Cycle 20""",804431,Duranta Steel 1-Spd Daisy 20 Red,BCYCL,"7,940",804431
Vision-Style,PG VS Air Cooler,802873,PG Vision Air Cooler - 7C (7ltr),PIP(E),"8,300",802873
Vision-RAC,PG VSN Refrigeration,802816,PG Vision Refrigerator Vis - 260 Red Sparkle,DPLE,"29,600",802816
Vision-Style,PG VS Electric Ketle,802804,PG Electric Kettle 1.51,PIP(E),"1,250",802804
Vision-Style,PG VS Electric Ketle,802858,PG Vision Electric Kettle VIS 1504G/G,PIP(E),"1,370",802858
Vision-RAC,PG VSN Refrigeration,802945,PG Vision Refrigerator (Vis - 150TS) Blue,DPLE,"22,100",802945
Vision-RAC,PG VSN Refrigeration,802946,PG Vision Refrigerator (Vis - 190TS) Silver,DPLE,"25,900",802946
Vision-RAC,PG VSN Refrigeration,802947,PG Vision Refrigerator (Vis - 190TS) Red,DPLE,"25,900",802947
Vision-RAC,PG VSN Refrigeration,802948,PG Vision Refrigerator (Vis - 190TS) Blue,DPLE,"25,900",802948
Regal,LB BED SET,812215,BDH-107-1-1-20,BBML(F),"26,100",812215
Regal,METAL SOFA SET,812351,SDC-201-7-2-66(1PART)//(FEBRIC-113),BBML(F),"17,000",812351
Vision-Style,VS Portable Elec,801605,Proton Tablet- Proto Note-7,PIP(E),"12,220",801605
Vision-Style,VS Portable Elec,801606,Proton FLIP COVER - Proto Note-7,PIP(E),300,801606
Vision-Style,PG VS Rice Cooker,801979,PG Vision Rice Cooker(SS) 1.8 Ltr VSNRC,PIP(E),"2,300",801979
Vision-Style,PG VS Other H.App,801982,PG Vision Sandwich Maker,PIP(E),"1,100",801982
Vision-Style,PG VS Other H.App,801986,PG Vision E. Pressure Cooker 5Ltr.,PIP(E),"3,350",801986
Winner,Infant Product,920379,Babo Water Bottle-400 ML (Winner),DPLS,100,845944070005
Regal,LB OTHER,812044,Proop Flower - 2,BBML(F),190,812044
Regal,LB OTHER,812052,Proop Flower - 10,BBML(F),145,812052
Regal,LB OTHER,812053,Proop Flower - 11,BBML(F),200,812053
Regal,LB OTHER,812954,Proop Flower - 12,BBML(F),240,812954
Regal,LB OTHER,812055,Proop Flower - 13,BBML(F),190,812055
Regal,LB OTHER,812043,Proop Flower - 1,BBML(F),190,812043
Regal,LB OTHER,812045,Proop Flower - 3,BBML(F),190,812045
Regal,LB OTHER,812046,Proop Flower - 4,BBML(F),220,812046
Regal,LB OTHER,812047,Proop Flower - 5,BBML(F),190,812047
Popular,Kitchen Rack -Popular,95614,Popular Kitchen Rack 5 Step - Red,DPL,"1,700",845944095206
Prominent,One Time Sweet Box-Prominent,914822,Sweet Box 25 Pcs Set 1000 ML - Red,DPL,320,914822
Sigma,Comfy Mattress,820076,Comfy Hospital Mattress Customize,BBMLT,"7,500",820076
Sticky,Sticky Rubber Adhesive,820077,Dragon Rubber Adhesive 200ltr,BBMLT,"37,500",820077
Sigma,Comfy Mattress,820078,"Comfy Touch Mattress  78""X59.5""X8""",BBMLT,"15,326",820078
Vision-RAC,PG VSN Refrigeration,802953,PG Vision Refrigerator (Vis - 260TS) Red,DPLE,"28,200",802953
Vision-RAC,PG VSN Refrigeration,802954,PG Vision Refrigerator (Vis - 260TS) Blue,DPLE,"28,200",802954
Vision-RAC,PG VSN Refrigeration,802957,PG Vision Glass Door Refrigerator VIS-210TG (BLUE),DPLE,"29,900",802957
Vision-RAC,PG VSN Refrigeration,802959,PG Vision Glass Door Refrigerator VIS-210TG (BROWN,DPLE,"29,900",802959
Vision-RAC,PG VSN Refrigeration,802960,PG Vision Glass Door Refrigerator VIS-260TG (BLUE),DPLE,"32,600",802960
Vision-RAC,PG VSN Refrigeration,802961,PG Vision Glass Door Refrigerator VIS-260TG (BROWN,DPLE,"32,600",802961
Vision-Style,PG VS Ind Cooker,802978,PG Vision Induction Cooker(VSN1203A),PIP(E),"3,080",802978
Vision-Style,PG VS Rice Cooker,802981,PG Vision 1.8 Ltr SS Rice Cooker.,PIP(E),"2,300",802981
Vision-Style,PG VS Rice Cooker,802980,PG Vision 2.8 Ltr Rice Cooker,PIP(E),"2,850",802980
Best Buy,General Household I,903813,ICE LOLLY MAKER 4PCS-IM,BBUY,110,903813
Best Buy,General Household I,903812,FOOD CONTAINER 6PCS-12439-IM,BBUY,555,903812
Power,Clearance Sales-2,920812,"5"" Curry Bowl -Lily",MLMN,105,845944068705
Shine,Trading Ceramic,900001,Auto Sensor Basin Tap(M),RPL,"5,714",900001
Shine,Trading Ceramic,900003,Electric Towel Warmer Stand Hanger,RPL,"2,567",900003
Regal,Comfy Metress Item,811279,King size Matress (1985X1800X100-mm),BBML(F),"13,140",811279
Prominent,Service Bowl-Prominent,76307,Siul Table Set 6 Pcs (Bowl),DPL,80,845944091253
Shine,Tissue Hold,98477,Deluxe Toilet Tissue Holder-L. Blue,RPL,247,98477
TEL Household,Classic Bucket-HH-TEL,803453,Classic Bucket 8L Black-TEL,TEL,80,803453
Sonic,BLZ MULTI PLUG & ADAPTER,706301,Multi plug( BLZ-706301),RPLE,600,706301
Sonic,BLZ MULTI PLUG & ADAPTER,706302,Multi plug( BLZ-706302),RPLE,655,706302
Sonic,BLZ MULTI PLUG & ADAPTER,706306,Multi plug( BLZ-706306),RPLE,615,706306
Sonic,BLZ MULTI PLUG & ADAPTER,706312,Multi Plug (BLZ-706312),RPLE,565,706312
Sonic,BLZ MULTI PLUG & ADAPTER,706313,Multi Plug(BLZ-706313),RPLE,605,706313
Power,Spoon,75946,Fork Spoon 12 Pcs Set-Oliva,MLMN,165,845944063731
Power,Maloti,75978,"6"" Curry Bowl -Maloti",MLMN,115,845944060501
Best Buy,Water Bottle (Local),902801,Water Bottle half steel medium,BBUY,150,902801
Best Buy,General Household L,902802,Spray bottle  Heavy,BBUY,185,902802
Best Buy,Stationary,903734,Price Tag Roll,BBUY,0,903734
Best Buy,Stationary,903735,Glube,BBUY,0,903735
Best Buy,Stationary,903736,Price Tag Gun,BBUY,0,903736
Best Buy,Stationary,903738,Register Khata,BBUY,0,903738
Best Buy,Stationary,903739,Cartoon Tape,BBUY,0,903739
Popular,Food Cont-Popular,86833,Sq Cont. 9.5 cm-Trans Blue,DPL,40,86833
Pacific,Trading-Pacific,79694,Milano Classic Soup Bowl 7 Pcs Set - Trading,DPL,560,79694
Turbine,Gas Stove-Imported,805206,Premier Single Auto GS NG (A-105),RFL,"1,400",8052060000003
TEL Household,Bowl-HH-TEL,94000,Laundry Bowl Big Black-TEL,TEL,120,94000
Prestige,Wave Bucket-Prestige,86764,Shulov Wave Bucket 10L - Red,DPL,120,86764
Spark,Door Mat-RPL,700047,"Support Door Mat (2"" x 3"") Green",RPL,709,700047
TEL Household,ACS-HH-TEL,803165,Beauty Flower Pot  Tray 19 cm -Rose Wood-TEL,TEL,12,803165
Spark,Door Mat-RPL,700032,Support Floor Mat Leaf (48X68 CM)-Gray,RPL,360,700032
Power,Clearance Sales-2,920503,"TM - 12.6"" Rtg Handle Tray",MLMN,79,920503
TEL Household,Stool-HH-TEL,803048,Design Tool Small Parrot Green-TEL,TEL,105,803048
TEL Furniture,Supreme With Arm Chair-Fur-TEL,803292,WD Big Drawer Cover (Diamond) -TEL,TEL,325,803292
TEL Furniture,Supreme With Arm Chair-Fur-TEL,803291,Supreme Chair with Arm (Stick) Rose Wood-TEL,TEL,545,803291
TEL Furniture,Supreme With Arm Chair-Fur-TEL,803290,Supreme Chair with Arm (Stick) Sandal Wood-TEL,TEL,545,803290
TEL Furniture,Supreme With Arm Chair-Fur-TEL,803289,Supreme Chair with Arm (Stick) Red-TEL,TEL,545,803289
TEL Household,Drum Bucket-HH-TEL,803663,Drum Bucket 40L Black-TEL,TEL,250,803663
TEL Household,Drum Bucket-HH-TEL,803662,Drum Bucket 50L Green With Lid-TEL,TEL,460,803662
TEL Household,Drum Bucket-HH-TEL,803654,Drum Bucket 50L Red With Lid-TEL,TEL,460,803654
TEL Furniture,Baby Chair-Fur-TEL,803031,Classic Baby Chair Green-TEL,TEL,165,803031
TEL Furniture,Baby Chair-Fur-TEL,803030,Classic Baby Chair Blue-TEL,TEL,165,845944051158
TEL Furniture,Baby Chair-Fur-TEL,803029,Classic Baby Chair Red-TEL,TEL,165,803029
Best Buy,Toys and sports (Local,903836,Bicycle  bell,BBUY,60,903836
Best Buy,Toys and sports (Local,903837,Bicycle  bell  SS,BBUY,45,903837
Best Buy,Party and Gift (Local),903839,Birthday Gift  set,BBUY,100,903839
Best Buy,Toys and sports (Local,903841,Toys Car and boat,BBUY,90,903841
Best Buy,Toys and sports (Local,903842,Toys Baby set,BBUY,95,903842
Best Buy,Toys and sports (Local,903844,TOYS BLOCK SET,BBUY,85,903844
Best Buy,Toys and sports (Local,903845,Toys Air Bus,BBUY,110,903845
Best Buy,Home Decore (Local),903850,Flower Vase plastic,BBUY,155,903850
Regal,LB OTHER,812048,Proop Flower - 6,BBML(F),250,812048
Regal,LB OTHER,812051,Proop Flower - 9,BBML(F),190,812051
Regal,LB OTHER,99599,Regal Repair Item,BBML(F),0,99599
Best Buy,General Household L,903785,Glass Cleaner with Spray,BBUY,360,903785
Best Buy,Glassware (Local),903787,Candy pot Big,BBUY,155,903787
Best Buy,Stationary,903788,PVC Insulating Tape 10 Yrds,BBUY,25,903788
Power,Bowl,920899,Smart Bowl with Lid-Tulip,MLMN,130,845944069832
Power,Clearance Sales-2,920900,Cereal Bowl With Lid-Lora,MLMN,120,845944069849
Power,Bowl,920902,Cereal Bowl With Lid-Oliva,MLMN,120,845944069863
Power,Bowl,920906,Cereal Bowl With Lid-Camellia,MLMN,120,845944069900
Goodluck,Nipple,920385,Nipple With Holder 6+ Month,DPLS,50,920385
Power,Color - Melamine,920908,"6"" Vegetable Bowl-Bubble",MLMN,50,845944070067
Power,Color - Melamine,920909,"7"" Vegetable Bowl-Bubble",MLMN,70,845944070074
Regal,METAL ROCKING CHAIR,812105,ROCKING CHAIR-RCH-202-2-1-08,BBML(F),"7,750",812105
TEL Household,Classic Bucket-HH-TEL,803465,Classic Bucket 16L Black-TEL,TEL,130,803465
Topper,TPR NS Regular,805132,TPR NS Karai without Lid - 22 cm - Eco,RFL,665,8051320000005
Spark,Door Mat-RPL,700025,Support Floor Mat Foot Step (48X68 CM)-Red,RPL,460,700025
TEL Household,Drum Bucket-HH-TEL,803659,Drum Bucket 40L Green-TEL,TEL,310,803659
TEL Household,Drum Bucket-HH-TEL,803658,Drum Bucket 50L Blue With Lid-TEL,TEL,460,803658
TEL Household,Drum Bucket-HH-TEL,803657,Drum Bucket 50L Blue-TEL,TEL,380,803657
TEL Household,Drum Bucket-HH-TEL,803651,Drum Bucket 40L Red-TEL,TEL,300,803651
Regal,WOODEN SOFA,812707,AURORA-SFC-309-3-4-20(CLASSIC)(FEBRIC-120),BBML(F),"23,750",812707
Diganta,RFL-Easybike TyreTube-D,804452,Rover Easy Bike Tyre & Tube (4.00-12),TYRE,"2,750",804452
Decent,Decent-Chain Cover and Others,804457,MS Pipe WIP Export,BCYCL,210,804457
Decent,Decent -Rickshaw and Van,804478,Decent Bakery Van (Fiber Box),BCYCL,"36,585",804478
Decent,Decent-Frame,70051,Bicycle Frame knight/Rundown-26'' -RFL00326457N,BCYCL,"1,485",70051
Decent,Decent-Frame,70052,Bicycle Frame Daisy/Extreme-20''-RFL00220279N,BCYCL,"1,265",70052
Decent,Decent-Frame,70053,Bicycle Frame Daisy/Extreme-16''- RFL00116229N,BCYCL,"1,200",70053
Decent,Decent-Mudguard and Stay,70071,"Mudguard Stay - 16""",BCYCL,30,70071
Decent,Decent-Mudguard and Stay,70072,"Mudguard Stay - 20""",BCYCL,31,70072
Prestige,Trading-Prestige,76971,PC Water Bottle - 9041 (400 ML) (Imp),DPL,195,845944045843
Prestige,Kido Bottle-Prestige,76994,Cute Water Bottle 200 ML - Trans & Pink,DPL,100,845944045577
Best Buy,Kitchenware (Local),902803,Bati  Deign ss medium china,BBUY,95,902803
Best Buy,Kitchenware (Local),902804,Bati Deign ss Small china,BBUY,90,902804
Prado,Service Bowl-Prado,76900,Star Bowl Small-Assorted,DPL,60,845944091727
Vision-Style,VS CRT TV,823001,VSN 21 INCH CRT - W01 (Red Black),PIP(E),"10,225",823001
Topper,Bright Eco. Utensils,805190,Economy Bright Lid (Sora) - 11 (BS),RFL,85,8051900000012
Vision-Style,PG VS Air Cooler,802872,PG Vision Air Cooler - 10C (10ltr),PIP(E),"10,900",802872
Power,Clearance Sales-2,920893,"9.5"" Spoon (WO Hole) -Dahlia-Topper",MLMN,40,845944069597
Topper,TPR NS Regular,805138,Topper Ruti Tawa - 26 cm - Eco Super,RFL,415,8051380000007
Topper,TPR NS Regular,805139,Topper Dosa Tawa - 26 cm - Eco Super,RFL,460,8051390000004
Prestige,Dish Cover-Prestige,910980,Aroma Dish Cover 32 CM - Assorted,DPL,70,910980
Prestige,Dish Cover-Prestige,911761,Aroma Dish Cover 25 CM - Assorted,DPL,40,845944044891
Power,Clearance Sales-2,920713,4.2 Princess Bowl With Lid-Toon,MLMN,110,845944067388
Power,Bowl,920717,"7.5"" Classic Bowl With Lid-Lilac",MLMN,255,845944065865
Vision-RAC,VSN Air Conditioner,94836,VISION AC 2 Ton-CHC,DPLE,"72,900",94836
Vision-Style,VS Ind Cooker,802831,Vision Induction Cooker(VSN1203A),PIP(E),"3,080",802831
Power,Bowl,920747,Salt Pot- Lilac,MLMN,65,845944074041
Duranta,"Complete Cycle 20""",804254,Duranta Steel 7-Spd Recoil 20 Red,BCYCL,"9,160",804254
Premium,Washing Net-Premium,72957,Multi Purpose Net Medium 32 CM - Assorted,DPL,70,845944093615
Regal,WOODEN SOFA,812376,SDC-314-3-1-20(Classic)//(Febric-116),BBML(F),"31,500",812376
Regal,WOODEN SOFA,812246,SDC-305-3-2-20//(Febric-102),BBML(F),"25,650",812246
Best Buy,General Household L,903496,Bati SS Heavy Medium,BBUY,275,903496
Duranta,Complete Cycle-26',804465,Duranta Steel 1-Spd Durjoy Ladies 26 RB,BCYCL,"9,095",804465
Topper,Bright Premium SS,805815,PB Curry Bowl - 20 cm,RFL,105,805815
Topper,Bright Premium SS,805817,PB Curry Bowl - 26 cm,RFL,175,805817
Best Buy,Garments,903809,LADIES NON PADED FULL COVER SOFT BRA 2 P,BBUY,400,903809
TEL Household,ACS-HH-TEL,803169,Beauty Flower Pot Tray -22cm - Black-TEL,TEL,14,803169
Topper,Bright Eco. Utensils,805192,Economy Bright Lid (Sora) - 13 (BS),RFL,110,8051920000009
Promising,Dorbari Table-Promising,95409,Dorbari Table 6 Seat St/Leg Print Spider Net,DPL,"4,200",845944011930
Spark,Door Mat-RPL,700028,Support Floor Mat Foot Step (48X68 CM)-Gray,RPL,460,700028
Spark,Door Mat-RPL,700035,Support Floor Mat Leaf (40X60 CM)-Green,RPL,340,700035
Spark,Door Mat-RPL,700036,Support Floor Mat Leaf (40X60 CM)-Gray,RPL,280,700036
Power,Clearance Sales-2,920809,"4"" Curry Bowl -Lily",MLMN,65,845944068675
Regal,METAL DINNING SET,812146,ASTARA-CFD-207-6-1-66,BBML(F),"2,130",812146
Sigma,Comfy Mattress,820067,"""Comfy Nexa Mattress  81""X63""X4""",BBMLT,"10,269",820067
TEL Household,Hanger-HH-TEL,99028,Wall Hanger Red - 11 hook -TEL,TEL,50,845944051660
TEL Household,Hanger-HH-TEL,99029,Wall Hanger Red - 9 hook-TEL,TEL,45,845944051417
TEL Household,Hanger-HH-TEL,99030,Wall Hanger Blue - 11 hook -TEL,TEL,50,845944050144
Goodluck,MARKER,920213,Arty sketch - Pink - 10 Pcs Pack,DPLS,10,920213
Goodluck,MARKER,920214,Arty Sketch - T.Blue  - 10 Pcs Pack,DPLS,10,920214
Regal,METAL IND-RACK,812407,Heavy Duty Rack Vertical Clamp-(132X510)(Outer),BBML(F),490,812407
Popular,Baby Potty-Popular,87068,Popular Baby Potty - Cream,DPL,400,845944096104
Prominent,One time Plate-Prominent,914905,Two Color Plate 18 CM 25 Pcs Set,DPL,190,845944092571
Prado,Hanger-Prado,82244,Kiddo Hanger 6 Pcs Set,DPL,65,845944091642
Terrific,RMIL 2 Helmet,808308,SAFE MATE 2F-128 BLACK (GRAPHIC 2),RMIL-2,"2,473",808308
Terrific,RMIL 2 Helmet,808309,SAFE MATE 2F-841 BLACK-L,RMIL-2,"1,024",808309
Terrific,RMIL 2 Helmet,808311,SAFE MATE HF-207 RED-L,RMIL-2,"1,254",808311
Terrific,RMIL 2 Helmet,808312,SAFE MATE 2F-841 RED-L,RMIL-2,"1,024",808312
Terrific,RMIL 2 Helmet,808315,SAFE MATE HF-207 BLACK-M,RMIL-2,"1,254",808315
Regal,WOODEN SOFA,811105,SSC-313-3-1-00//(Febric-116)(Classic),BBML(F),"18,900",811105
Regal,WOODEN SOFA,811657,SDC-313-3-2-00//(Febric-116)(Classic),BBML(F),"28,300",811657
Spark,Door Mat-RPL,700045,"Support Door Mat (2"" x 3"") Red",RPL,709,700045
Regal,WOODEN SOFA,811646,SDC-313-3-2-00(Febric-120)(Classic),BBML(F),"28,300",811646
Regal,WOODEN SOFA,811666,SSC-313-3-1-00(Febric-120)(Classic),BBML(F),"18,900",811666
Power,Clearance Sales-2,920784,"10"" Meat Plate -Lily",MLMN,130,845944068422
Power,Clearance Sales-2,920867,Tea Spoon 12 Pcs Set -Lily,MLMN,165,845944069337
Power,Clearance Sales-2,920885,Big Soup Spoon-Lily,MLMN,30,845944069511
Sonic,BLZ CFL LIGHT,807828,BlaZe CFL 15W B22 Spiral Day Light,RPL,265,807828
Power,Melamine -Advance,921731,"Square Plate 11"" -Assorted",MLMN,180,845944073815
Power,Tray,921734,"9.5"" Flower Tray - Assorted",MLMN,125,845944073846
Decent,D-Bicycle Tyre,804420,Duranta BicycleTyre-24''x2.125,TYRE,335,804420
Decent,Decent- Saddle,70140,Saddle Base-1501,BCYCL,18,70140
Decent,Decent- Saddle,70141,Saddle  Base-2001,BCYCL,20,70141
Decent,Decent- Saddle,70142,Saddle Base-2502,BCYCL,23,70142
Decent,Decent- Saddle,70143,Saddle Bumper Front Side-1202,BCYCL,3,70143
Prestige,Kido Bottle-Prestige,76995,Cute Water Bottle 400 ML - Trans & Pink,DPL,110,845944045584
Pacific,Kido Bottle-Pacific,76996,Pretty Water Bottle With Belt 200 ML-Pink,DPL,85,845944045591
Pacific,Kido Bottle-Pacific,76997,Pretty Water Bottle With Belt 400 ML-Pink,DPL,110,845944045607
Goodluck,COMB,920423,Princess Hair Comb-Radiant -1,DPLS,25,920423
Pioneer,Others Chair-Pioneer,82350,Bone-Lax Chair - Black,DPL,"1,450",82350
Premium,PC Bottle-Premium,95485,Ruma Bottle 600 ML-Tr Red,DPL,140,845944092717
Premium,PC Bottle-Premium,95492,Flora Bottle 450 ML-Tr Pink,DPL,110,845944092724
Premium,PC Bottle-Premium,95493,Flora Bottle 500 ML-Tr Pink,DPL,125,845944092731
Premium,PC Bottle-Premium,95494,Flora Bottle 550 ML-Tr Pink,DPL,125,845944092748
Premium,PC Bottle-Premium,95495,Hope Bottle 750 ML - Trand Green,DPL,155,845944092755
Premium,PC Bottle-Premium,95496,Hope Bottle (Printed) 1000 ML - Trans,DPL,165,845944092762
Premium,PC Bottle-Premium,95497,Paragon Bottle 350 ML,DPL,100,95497
Premium,PC Bottle-Premium,95488,Eureka Bottle 900 ML-Tr Pink,DPL,160,845944092687
Prime,Chicken Case -Prime,95600,Chicken Case Small - Black,DPL,"1,800",845944095213
Vision-Style,VS CRT TV,823004,VSN 21 INCH CRT - W04 (Full Black),PIP(E),"10,225",823004
Safer,Playtime  Toys,820655,Super cricket set,BBMLT,800,845944091109
TEL Household,ACS-HH-TEL,92879,"Flower Tub 11""-SW (7L)-TEL",TEL,42,92879
Duranta,Complete Cycle-26',804386,Duranta Steel 1-Spd Racer Masti 26 Red,BCYCL,"9,095",804386
Diganta,RFL-Tyre and Tube for IC,804387,Duranta Cycle Tyre-16InX1.95 (D-1635)-IC,TYRE,180,804387
Diganta,RFL-Tyre and Tube for IC,804388,Duranta Cycle Tyre-20InX2.125 (D-2035)-IC,TYRE,205,804388
Diganta,RFL-Tyre and Tube for IC,804389,Duranta Cycle Tyre-24InX1.95 (D-2497)-IC,TYRE,235,804389
Pride,Trading Toys-Pride,79668,Pull Back Car-005(Trading),DPL,50,79668
Pride,Trading-Pride,79669,Pulling String Motorbike-359 (Trading),DPL,55,79669
Decent,Decent -Rickshaw and Van,804394,Van Axel,BCYCL,815,804394
Decora,PVC Others Door,821126,ECO Panel Dew pink  6'x2.5',BBML,556,821126
Topper,TPR PC and NS Classic,805809,TPR Alu Belly Pot 1.5 Liter,RFL,705,8058090000006
Topper,TPR PC and NS Classic,805811,TPR Alu Belly Pot 3.5 Liter,RFL,970,8058110000009
Swift,CLK TULIP&PRIME GANG,807637,CLICK-PRIME-45A DP SWITCH,RPLE,705,807637
Swift,CLK TULIP&PRIME GANG,807639,CLICK-PRIME-TV SOCKET,RPLE,195,807639
Swift,CLK TULIP&PRIME GANG,807642,CLICK-PRIME-BLANK PLATE,RPLE,80,807642
Swift,CLK TULIP&PRIME GANG,807638,CLICK-PRIME-TV AND TELEPHONE SOCKET,RPLE,315,807638
VIGO-RAC,VG LED TV,824051,Vigo 24” LED TV E01,PIP(E),"14,500",824051
Swift,CLK MULTI PLUG & ADAPTER,807017,Click-Multi Plug With USB (CLK-807017),RPLE,885,807017
Sigma,Support Ind Item Roto,820711,Ice Pac 2000 ml (291x226x34 mm),BBMLT,280,820711
Premium,Storage Cont-Premium,91389,Tulip Container 16L,DPL,280,845944091604
Power,Mug,920796,Bably Mug -Dahlia,MLMN,110,845944068545
Power,Clearance Sales-2,920797,Bably Mug -Lily,MLMN,110,845944068552
Best Buy,Electronics (Local),903529,Roti Maker-NIYAMA,BBUY,"2,450",903529
Best Buy,Best Buy-Import,903646,LUNCH BOX 3PCS SET WOODEN-IMP,BBUY,"2,355",903646
Best Buy,Best Buy-Import,903647,IMPERIAL LUNCH BOX-IMP,BBUY,"1,995",903647
Best Buy,General Household L,902510,Mug Melamine With Lid,BBUY,125,902510
Best Buy,General Household L,902511,Souch Bati-Melamine,BBUY,40,902511
Best Buy,General Household L,902512,Bowl Deign-Melamine,BBUY,125,902512
Best Buy,Stationary,902513,Pen Stand PP Exclusive,BBUY,125,902513
Best Buy,Kitchenware (Local),902514,Spoon SS Big Exclusive,BBUY,185,902514
Best Buy,Kitchenware (Local),902515,Peeler SS Thailand,BBUY,55,902515
Best Buy,Kitchenware (Local),902516,Spoon Fork Non Stick,BBUY,80,902516
Best Buy,Kitchenware (Local),902517,Egg Beater Non Stick,BBUY,80,902517
Best Buy,Kitchenware (Local),902518,Strainer SS Heavy Big,BBUY,240,902518
Best Buy,Kitchenware (Local),902519,Strainer SS Heavy Medium,BBUY,230,902519
Best Buy,Kitchenware (Local),902520,Strainer SS Heavy Small,BBUY,215,902520
Best Buy,Kitchenware (Local),902521,Kunti SS Medium,BBUY,35,902521
Best Buy,Mobile Recharg,902522,MERMAID-IMP,BBUY,100,902522
Best Buy,Home Decore (Local),902642,Freeze Sticker Medium,BBUY,100,902642
Best Buy,Home Decore (Local),902644,Freeze Sticker  Small,BBUY,65,902644
Best Buy,Home Decore (Local),902639,Showpiece Sura Small,BBUY,55,902639
Best Buy,Home Decore (Local),902638,Showpiece Sura,BBUY,100,902638
Best Buy,Kitchenware (Import),903203,BATI 9 INCH STEEL (IMP),BBUY,175,903203
Best Buy,Kitchenware (Import),903204,TWO TONE BOWL 4.5INCH STEEL (IMP),BBUY,65,903204
Best Buy,Kitchenware (Import),903205,TWO TONE BOWL 5INCH STEEL (IMP),BBUY,90,903205
Best Buy,Kitchenware (Import),903206,TWO TONE BOWL 5.5INCH STEEL (IMP),BBUY,100,903206
Best Buy,Kitchenware (Import),903207,TWO TONE BOWL 6INCH STEEL (IMP),BBUY,115,903207
Best Buy,Kitchenware (Import),903208,BOWL WITH COVER 8INCH STEEL (IMP),BBUY,195,903208
Best Buy,Kitchenware (Local),902628,Knife with Cover Small,BBUY,45,902628
Best Buy,Toys and sports (Impor,903414,LED LAMP-W5AA171-IMP,BBUY,395,903414
Best Buy,Toys and sports (Impor,903415,LED LAMP-W5AA167-IMP,BBUY,395,903415
Decent,Decent- Saddle,70144,Saddle Bumper Front Side-1501,BCYCL,2,70144
Decent,Decent- Saddle,70145,Saddle  Bumper Front Side-2001,BCYCL,3,70145
Decent,Decent- Saddle,70146,Saddle Bumper Front Side-2502,BCYCL,3,70146
Decent,Decent- Saddle,70147,Saddle Bumper Rear Side-1202,BCYCL,6,70147
Decent,Decent- Saddle,70148,Saddle Bumper  Rear Side-1501,BCYCL,4,70148
Prestige,Pure Cont-Prestige,914039,Pure Rtg Container 5000 ML,DPL,250,845944092946
Vision-RAC,PG VSN Refrigeration,802997,PG Vision refrigerator Vis - 196 Ltr SS,DPLE,"27,200",802997
Sticky,Sticky Rubber Adhesive,820057,Dragon Rubber Adhesive  3ltr,BBMLT,545,820057
Sigma,Comfy Mattress,820059,Heavy Cotton Katha (Jamalpur),BBMLT,"10,611",820059
Decora,Hinges.,802676,End Post,BBML,950,802676
Decora,Hinges.,802677,One side open alluminium End Post,BBML,"3,000",802677
Power,Tray,920845,"12.6"" Rtg Handle Tray -Good Morning",MLMN,265,845944069078
Power,Clearance Sales-2,92287,"7"" Curry Bowl -Lilac",MLMN,180,845944067548
Power,Melamine -Topper,920814,"6"" Curry Bowl -Dahlia-Topper",MLMN,115,845944068729
VIGO-RAC,VG Washing Machine,824413,Vigo Automatic Washing Machine 6kg,PIP(E),"17,500",824413
